id,label,topic,text,length_chars,length_words,quality_score,sentiment,source_detail,timestamp,plagiarism_score,notes
305,human,food,"as someone who follows food, i believe privacy concerns remain a top challenge. i would love to hear others' thoughts on this.",126,22,2.37,0.44,author_50,2023-12-19 11:21:46,0.045,personal_tone
341,ai,travel,analysis indicates that travel is associated with privacy concerns remain a top challenge. community feedback will shape future developments.,141,19,3.44,0.6,gpt-5-base,2024-04-01 17:43:26,0.007,personal_tone
48,human,education,i recently experienced education in my day-to-day life and found that the results are promising but preliminary.,112,17,3.16,-0.43,author_33,2025-08-28 07:56:09,0.163,personal_tone
68,ai,sports,analysis indicates that sports is associated with costs can vary greatly depending on implementation.,101,14,3.32,0.44,claude-2,2023-10-23 14:34:48,0.122,personal_tone
480,human,finance,"in my experience, finance often leads to users report a mixed set of outcomes.",78,14,3.52,-0.31,author_87,2024-11-28 11:31:37,0.105,personal_tone
486,ai,education,analysis indicates that education is associated with privacy concerns remain a top challenge.,93,13,3.42,0.87,gpt-4o-mini,2024-08-04 17:35:42,0.106,personal_tone
311,ai,sports,the following summary on sports shows it requires more data for conclusive evidence. implementation details matter a lot here.,126,19,4.22,0.12,gpt-4o-mini,2023-08-29 00:05:58,0.002,personal_tone
32,ai,science,this article discusses science and highlights that costs can vary greatly depending on implementation. this could change as new data becomes available.,151,22,4.91,-0.2,llama-3-small,2023-04-22 21:43:13,0.065,personal_tone
91,ai,science,research-style summary on science suggests it can be optimized with simple heuristics.,86,12,3.54,-0.45,llama-3-small,2024-05-16 22:24:54,0.061,personal_tone
323,human,entertainment,"after trying several approaches related to entertainment, i noticed costs can vary greatly depending on implementation.",119,16,4.01,-0.06,author_85,2024-04-08 04:09:05,0.034,personal_tone
120,human,lifestyle,my personal opinion on lifestyle is that users report a mixed set of outcomes.,78,14,3.82,-0.41,author_49,2024-12-26 03:05:04,0.108,personal_tone
67,human,finance,"after trying several approaches related to finance, i noticed the community response has been overwhelmingly positive.",118,16,2.14,0.28,author_61,2024-10-12 17:54:11,0.339,personal_tone
306,ai,finance,this article discusses finance and highlights that there are trade-offs to consider.,84,12,4.32,0.29,gpt-5-base,2023-12-12 15:47:21,0.133,personal_tone
190,human,education,"in my experience, education often leads to there are trade-offs to consider.",76,12,3.96,-0.01,author_37,2023-09-03 20:06:02,0.113,personal_tone
435,human,sports,i recently experienced sports in my day-to-day life and found that privacy concerns remain a top challenge.,107,17,3.59,-0.47,author_72,2023-07-23 18:13:41,0.338,personal_tone
290,ai,technology,the following summary on technology shows privacy concerns remain a top challenge. community feedback will shape future developments.,133,18,4.45,0.19,gpt-5-base,2024-08-05 01:03:14,0.026,personal_tone
143,ai,travel,the following summary on travel shows users report a mixed set of outcomes.,75,13,2.8,-0.3,gpt-4o-mini,2023-05-23 08:37:09,0.119,personal_tone
147,ai,health,the following summary on health shows it requires more data for conclusive evidence.,84,13,2.81,-0.15,gpt-5-base,2024-06-30 03:24:05,0.075,personal_tone
294,human,technology,"as someone who follows technology, i believe the community response has been overwhelmingly positive.",101,14,1.53,-0.22,author_91,2025-04-04 11:07:17,0.249,personal_tone
313,ai,travel,this article discusses travel and highlights that the community response has been overwhelmingly positive. further investigation is warranted.,142,18,4.63,-0.06,gpt-4o-mini,2024-11-24 11:23:07,0.064,personal_tone
312,human,lifestyle,"as someone who follows lifestyle, i believe the community response has been overwhelmingly positive.",100,14,1.76,0.49,author_59,2025-07-15 09:19:00,0.226,personal_tone
493,human,lifestyle,"in my experience, lifestyle often leads to users report a mixed set of outcomes.",80,14,2.84,0.39,author_74,2025-01-13 23:12:48,0.059,personal_tone
66,ai,food,analysis indicates that food is associated with adoption increases with better education. further investigation is warranted.,125,16,4.59,0.26,llama-3-small,2025-08-31 00:45:19,0.15,personal_tone
35,ai,food,analysis indicates that food is associated with it can be optimized with simple heuristics.,91,14,4.16,-0.03,llama-3-small,2025-02-05 06:20:10,0.092,personal_tone
343,human,education,"in my experience, education often leads to privacy concerns remain a top challenge.",83,13,4.11,-0.37,author_10,2024-04-15 12:04:38,0.013,personal_tone
174,ai,food,the following summary on food shows adoption increases with better education. further investigation is warranted.,113,15,3.64,0.88,bloomz-7b,2024-01-18 15:08:25,0.105,personal_tone
202,ai,sports,this article discusses sports and highlights that users report a mixed set of outcomes.,87,14,2.63,0.06,claude-2,2025-05-08 02:46:03,0.051,personal_tone
180,ai,sports,this article discusses sports and highlights that it can be optimized with simple heuristics.,93,14,3.85,0.38,claude-2,2023-12-23 04:19:09,0.027,personal_tone
234,human,travel,my personal opinion on travel is that there are trade-offs to consider.,71,12,4.66,-0.35,author_90,2024-02-10 22:46:39,0.107,personal_tone
443,human,food,"in my experience, food often leads to there are trade-offs to consider. community feedback will shape future developments.",122,18,3.77,-0.32,author_21,2024-02-01 17:53:34,0.166,personal_tone
346,ai,sports,this article discusses sports and highlights that it can be optimized with simple heuristics.,93,14,2.84,-0.01,gpt-5-base,2025-03-27 19:52:09,0.044,personal_tone
129,ai,lifestyle,this article discusses lifestyle and highlights that it improves efficiency significantly. further investigation is warranted.,126,15,3.87,0.49,llama-3-small,2024-06-24 15:24:36,0.017,personal_tone
5,ai,health,this article discusses health and highlights that the results are promising but preliminary.,92,13,4.59,-0.36,gpt-4o-mini,2023-12-30 07:37:40,0.101,personal_tone
402,human,finance,i recently experienced finance in my day-to-day life and found that it requires more data for conclusive evidence.,114,18,2.45,0.33,author_7,2023-07-12 11:40:27,0.007,personal_tone
362,human,education,"as someone who follows education, i believe it improves efficiency significantly.",81,11,3.7,-0.54,author_34,2024-08-09 05:20:49,0.02,personal_tone
327,human,entertainment,"after trying several approaches related to entertainment, i noticed it improves efficiency significantly.",105,13,3.01,0.28,author_23,2025-08-04 18:30:28,0.273,personal_tone
431,human,entertainment,"as someone who follows entertainment, i believe it improves efficiency significantly. this could change as new data becomes available.",134,19,4.05,-0.47,author_80,2025-01-27 01:59:08,0.085,personal_tone
468,human,health,"as someone who follows health, i believe privacy concerns remain a top challenge. i would love to hear others' thoughts on this.",128,22,4.0,0.18,author_88,2023-01-05 11:19:20,0.326,personal_tone
331,ai,health,research-style summary on health suggests costs can vary greatly depending on implementation.,93,12,4.17,0.03,bloomz-7b,2025-02-04 19:26:19,0.043,personal_tone
330,ai,science,the following summary on science shows the results are promising but preliminary. this could change as new data becomes available.,130,20,4.8,-0.4,gpt-5-base,2024-12-28 23:40:08,0.146,personal_tone
296,ai,science,research-style summary on science suggests adoption increases with better education.,84,10,3.7,-0.1,llama-3-small,2023-10-11 23:19:24,0.049,personal_tone
417,ai,food,research-style summary on food suggests it improves efficiency significantly. it requires more data for conclusive evidence,123,16,2.69,-0.28,gpt-5-base,2024-06-15 03:32:09,0.015,personal_tone
407,human,travel,my personal opinion on travel is that the community response has been overwhelmingly positive. i would love to hear others' thoughts on this.,141,23,2.26,-0.43,author_22,2024-10-10 15:48:26,0.114,personal_tone
103,human,food,my personal opinion on food is that privacy concerns remain a top challenge. this could change as new data becomes available.,125,21,4.33,0.67,author_83,2025-09-24 22:38:10,0.215,personal_tone
165,ai,finance,this article discusses finance and highlights that it requires more data for conclusive evidence.,97,14,3.37,0.06,claude-2,2023-09-20 17:26:33,0.032,personal_tone
215,human,entertainment,"in my experience, entertainment often leads to costs can vary greatly depending on implementation.",98,14,3.92,-0.37,author_54,2023-01-26 17:34:37,0.037,personal_tone
6,human,science,"as someone who follows science, i believe the results are promising but preliminary.",84,13,4.74,0.43,author_100,2023-08-13 11:48:24,0.295,personal_tone
420,ai,science,analysis indicates that science is associated with costs can vary greatly depending on implementation.,102,14,4.57,-0.11,bloomz-7b,2023-09-04 20:30:12,0.082,personal_tone
450,human,health,i recently experienced health in my day-to-day life and found that there are trade-offs to consider.,100,16,1.8,0.46,author_21,2025-01-14 18:37:45,0.214,personal_tone
335,human,lifestyle,"as someone who follows lifestyle, i believe the community response has been overwhelmingly positive.",100,14,3.77,0.53,author_93,2024-07-13 21:58:07,0.069,personal_tone
301,ai,entertainment,a concise overview of entertainment: there are trade-offs to consider. community feedback will shape future developments.,121,16,4.05,0.11,bloomz-7b,2023-07-19 18:13:18,0.018,personal_tone
18,ai,science,this article discusses science and highlights that there are trade-offs to consider.,84,12,2.54,-0.46,bloomz-7b,2025-02-10 08:36:22,0.025,personal_tone
351,ai,food,the following summary on food shows it can be optimized with simple heuristics. further investigation is warranted.,115,17,4.28,0.36,llama-3-small,2023-10-11 13:05:18,0.02,personal_tone
348,human,sports,"as someone who follows sports, i believe privacy concerns remain a top challenge. further investigation is warranted.",117,17,2.38,-0.43,author_97,2024-11-18 20:39:16,0.298,personal_tone
86,ai,science,analysis indicates that science is associated with privacy concerns remain a top challenge.,91,13,4.56,0.12,llama-3-small,2025-04-05 10:44:44,0.112,personal_tone
258,ai,sports,this article discusses sports and highlights that privacy concerns remain a top challenge.,90,13,4.98,-0.55,claude-2,2024-02-19 16:27:50,0.083,personal_tone
366,ai,finance,this article discusses finance and highlights that adoption increases with better education. community feedback will shape future developments.,143,18,4.69,0.2,gpt-5-base,2025-02-09 04:16:43,0.014,personal_tone
386,human,travel,"after trying several approaches related to travel, i noticed the community response has been overwhelmingly positive.",117,16,2.98,0.03,author_52,2025-02-09 13:33:19,0.128,personal_tone
316,human,finance,"as someone who follows finance, i believe it improves efficiency significantly. community feedback will shape future developments.",130,17,3.49,0.06,author_79,2024-09-17 13:49:34,0.273,personal_tone
390,human,entertainment,my personal opinion on entertainment is that costs can vary greatly depending on implementation.,96,14,4.76,-0.21,author_87,2023-01-21 14:59:30,0.042,personal_tone
340,human,health,"in my experience, health often leads to costs can vary greatly depending on implementation. community feedback will shape future developments.",142,20,2.35,-0.54,author_15,2025-06-25 11:41:05,0.133,personal_tone
285,ai,science,this article discusses science and highlights that the community response has been overwhelmingly positive.,107,14,3.81,0.03,claude-2,2024-02-29 05:26:53,0.022,personal_tone
163,ai,science,analysis indicates that science is associated with costs can vary greatly depending on implementation.,102,14,3.12,0.24,gpt-5-base,2023-08-19 10:50:08,0.116,personal_tone
324,human,technology,my personal opinion on technology is that costs can vary greatly depending on implementation.,93,14,2.52,0.18,author_22,2024-12-19 03:52:15,0.016,personal_tone
325,ai,finance,this article discusses finance and highlights that it can be optimized with simple heuristics.,94,14,2.8,0.68,gpt-5-base,2023-08-09 16:38:25,0.124,personal_tone
148,human,finance,"after trying several approaches related to finance, i noticed adoption increases with better education.",103,14,1.64,0.7,author_99,2023-03-25 01:39:18,0.332,personal_tone
30,human,food,"as someone who follows food, i believe it can be optimized with simple heuristics.",82,14,1.88,0.71,author_59,2025-05-29 17:08:14,0.078,personal_tone
108,human,technology,my personal opinion on technology is that the results are promising but preliminary.,84,13,4.17,-0.17,author_56,2023-05-03 00:16:53,0.174,personal_tone
464,human,education,my personal opinion on education is that adoption increases with better education.,82,12,2.74,0.85,author_49,2023-10-15 01:08:05,0.119,personal_tone
496,ai,lifestyle,analysis indicates that lifestyle is associated with it requires more data for conclusive evidence.,99,14,3.14,0.28,claude-2,2024-04-17 08:48:12,0.11,personal_tone
426,human,sports,my personal opinion on sports is that it improves efficiency significantly.,75,11,3.48,-0.11,author_87,2024-12-15 08:02:20,0.054,personal_tone
251,ai,lifestyle,a concise overview of lifestyle: the results are promising but preliminary.,75,11,4.99,0.56,gpt-5-base,2025-01-20 19:53:58,0.114,personal_tone
136,ai,finance,a concise overview of finance: the community response has been overwhelmingly positive.,87,12,3.17,-0.48,gpt-5-base,2024-03-10 02:52:25,0.065,personal_tone
261,human,technology,i recently experienced technology in my day-to-day life and found that the community response has been overwhelmingly positive. community feedback will shape future developments.,178,24,4.04,0.14,author_28,2024-01-27 15:32:03,0.06,personal_tone
118,human,entertainment,"after trying several approaches related to entertainment, i noticed the community response has been overwhelmingly positive.",124,16,2.8,-0.18,author_7,2024-02-23 12:19:10,0.238,personal_tone
188,ai,education,this article discusses education and highlights that costs can vary greatly depending on implementation.,104,14,2.73,0.49,claude-2,2023-07-15 01:52:35,0.04,personal_tone
416,ai,technology,the following summary on technology shows costs can vary greatly depending on implementation. the community response has been overwhelmingly positive,149,20,4.82,0.65,claude-2,2024-04-24 23:15:44,0.009,personal_tone
166,ai,science,the following summary on science shows it requires more data for conclusive evidence. community feedback will shape future developments.,136,19,2.63,0.76,gpt-4o-mini,2023-08-20 23:13:36,0.035,personal_tone
224,ai,sports,a concise overview of sports: the community response has been overwhelmingly positive. community feedback will shape future developments. it requires more data for conclusive evidence,183,25,2.58,-0.26,claude-2,2023-10-23 06:07:27,0.117,personal_tone
445,ai,food,the following summary on food shows the community response has been overwhelmingly positive.,92,13,4.02,0.64,claude-2,2025-01-07 11:23:32,0.059,personal_tone
286,human,health,i recently experienced health in my day-to-day life and found that adoption increases with better education.,108,16,4.58,0.72,author_74,2023-09-28 13:56:46,0.229,personal_tone
492,human,entertainment,"as someone who follows entertainment, i believe costs can vary greatly depending on implementation.",99,14,3.2,0.6,author_11,2025-06-01 01:12:17,0.12,personal_tone
477,ai,health,the following summary on health shows costs can vary greatly depending on implementation.,89,13,4.46,0.05,gpt-5-base,2025-03-17 12:27:32,0.082,personal_tone
478,human,health,"in my experience, health often leads to adoption increases with better education. community feedback will shape future developments.",132,18,3.44,0.63,author_9,2023-06-30 11:12:54,0.335,personal_tone
481,ai,sports,this article discusses sports and highlights that costs can vary greatly depending on implementation.,101,14,3.78,0.67,claude-2,2025-05-22 10:42:39,0.009,personal_tone
418,ai,education,research-style summary on education suggests the results are promising but preliminary.,87,11,4.87,0.24,claude-2,2024-07-25 15:06:59,0.112,personal_tone
423,human,travel,"after trying several approaches related to travel, i noticed costs can vary greatly depending on implementation. this could change as new data becomes available.",161,24,1.82,-0.0,author_93,2025-07-28 07:54:59,0.257,personal_tone
193,human,education,"as someone who follows education, i believe costs can vary greatly depending on implementation.",95,14,3.25,0.38,author_63,2024-12-02 12:17:25,0.09,personal_tone
93,ai,technology,analysis indicates that technology is associated with it can be optimized with simple heuristics. i would love to hear others' thoughts on this.,144,23,4.56,-0.46,gpt-4o-mini,2023-08-06 23:21:49,0.096,personal_tone
222,ai,finance,research-style summary on finance suggests the community response has been overwhelmingly positive.,99,12,5.0,0.23,llama-3-small,2024-05-16 10:30:58,0.021,personal_tone
111,ai,finance,a concise overview of finance: adoption increases with better education.,72,10,2.72,0.67,claude-2,2023-09-07 15:51:44,0.088,personal_tone
239,human,science,"after trying several approaches related to science, i noticed adoption increases with better education.",103,14,4.79,-0.56,author_27,2025-05-17 23:58:18,0.307,personal_tone
439,human,sports,"after trying several approaches related to sports, i noticed it requires more data for conclusive evidence.",107,16,2.22,-0.39,author_40,2024-07-08 07:21:57,0.302,personal_tone
476,human,sports,my personal opinion on sports is that there are trade-offs to consider. privacy concerns remain a top challenge the community response has been overwhelmingly positive,167,25,2.9,0.02,author_62,2024-09-27 08:52:21,0.192,personal_tone
59,human,science,"as someone who follows science, i believe it requires more data for conclusive evidence.",88,14,1.86,-0.58,author_44,2023-10-19 17:05:24,0.168,personal_tone
381,ai,food,the following summary on food shows costs can vary greatly depending on implementation.,87,13,4.87,0.42,gpt-5-base,2025-07-20 06:55:25,0.075,personal_tone
79,human,entertainment,my personal opinion on entertainment is that users report a mixed set of outcomes. it requires more data for conclusive evidence,128,21,2.75,0.05,author_88,2023-09-08 19:20:21,0.144,personal_tone
380,ai,science,this article discusses science and highlights that privacy concerns remain a top challenge.,91,13,3.22,-0.0,gpt-5-base,2025-02-05 12:27:05,0.011,personal_tone
248,human,technology,"as someone who follows technology, i believe it improves efficiency significantly. this could change as new data becomes available.",131,19,2.03,0.8,author_92,2025-05-28 01:17:15,0.194,personal_tone
208,ai,travel,a concise overview of travel: the results are promising but preliminary.,72,11,2.77,-0.14,claude-2,2025-08-29 14:24:24,0.05,personal_tone
102,ai,food,this article discusses food and highlights that it can be optimized with simple heuristics.,91,14,3.38,0.27,gpt-5-base,2023-08-06 05:38:00,0.099,personal_tone
393,human,food,my personal opinion on food is that costs can vary greatly depending on implementation.,87,14,2.88,0.73,author_67,2025-03-10 13:13:20,0.262,personal_tone
424,ai,entertainment,a concise overview of entertainment: users report a mixed set of outcomes.,74,12,3.94,0.76,claude-2,2024-09-01 23:23:01,0.045,personal_tone
489,ai,lifestyle,a concise overview of lifestyle: costs can vary greatly depending on implementation.,84,12,3.24,-0.35,claude-2,2024-12-12 21:45:33,0.112,personal_tone
257,ai,health,the following summary on health shows there are trade-offs to consider.,71,11,4.26,0.3,gpt-5-base,2023-08-09 11:56:04,0.022,personal_tone
181,ai,science,the following summary on science shows users report a mixed set of outcomes.,76,13,4.95,0.09,bloomz-7b,2025-01-06 19:49:21,0.064,personal_tone
437,human,science,i recently experienced science in my day-to-day life and found that it requires more data for conclusive evidence.,114,18,4.62,0.62,author_29,2023-01-31 20:12:17,0.332,personal_tone
19,ai,education,this article discusses education and highlights that it can be optimized with simple heuristics. i would love to hear others' thoughts on this.,143,23,3.16,0.58,claude-2,2024-04-10 10:23:08,0.063,personal_tone
41,ai,science,the following summary on science shows the community response has been overwhelmingly positive.,95,13,3.15,-0.23,claude-2,2024-10-14 10:05:47,0.115,personal_tone
422,human,food,my personal opinion on food is that it improves efficiency significantly.,73,11,3.5,0.26,author_20,2023-04-07 01:22:26,0.161,personal_tone
42,ai,education,a concise overview of education: it requires more data for conclusive evidence. this could change as new data becomes available.,128,20,3.34,0.74,bloomz-7b,2023-03-24 05:02:16,0.023,personal_tone
160,ai,lifestyle,the following summary on lifestyle shows adoption increases with better education.,82,11,2.93,0.34,gpt-5-base,2024-09-26 13:50:32,0.022,personal_tone
287,ai,technology,analysis indicates that technology is associated with users report a mixed set of outcomes.,91,14,4.2,0.0,gpt-4o-mini,2024-02-10 12:04:09,0.104,personal_tone
291,human,education,"in my experience, education often leads to it improves efficiency significantly. this could change as new data becomes available.",129,19,2.46,0.64,author_16,2024-06-01 14:27:08,0.222,personal_tone
497,human,science,"as someone who follows science, i believe costs can vary greatly depending on implementation. there are trade-offs to consider",126,19,1.54,-0.45,author_93,2023-04-17 16:14:10,0.123,personal_tone
342,ai,science,this article discusses science and highlights that there are trade-offs to consider. community feedback will shape future developments.,135,18,4.07,-0.28,bloomz-7b,2024-10-06 07:45:41,0.13,personal_tone
81,ai,entertainment,this article discusses entertainment and highlights that it requires more data for conclusive evidence.,103,14,3.22,0.22,claude-2,2023-03-17 16:04:58,0.142,personal_tone
47,ai,sports,this article discusses sports and highlights that it requires more data for conclusive evidence.,96,14,2.63,0.83,gpt-4o-mini,2023-08-18 23:40:15,0.01,personal_tone
457,ai,entertainment,this article discusses entertainment and highlights that users report a mixed set of outcomes.,94,14,3.82,0.19,gpt-4o-mini,2024-12-13 07:36:40,0.092,personal_tone
94,human,food,"as someone who follows food, i believe the results are promising but preliminary.",81,13,4.4,0.23,author_30,2024-08-23 07:51:45,0.285,personal_tone
447,ai,science,the following summary on science shows it improves efficiency significantly.,76,10,3.26,0.64,claude-2,2024-04-17 06:03:41,0.063,personal_tone
82,ai,sports,a concise overview of sports: it requires more data for conclusive evidence.,76,12,3.46,0.12,claude-2,2023-08-31 13:53:06,0.086,personal_tone
373,human,lifestyle,"in my experience, lifestyle often leads to it improves efficiency significantly.",80,11,3.8,-0.17,author_100,2025-09-13 21:45:11,0.02,personal_tone
326,ai,health,this article discusses health and highlights that it can be optimized with simple heuristics.,93,14,3.97,0.56,claude-2,2024-04-06 16:39:10,0.099,personal_tone
452,human,sports,my personal opinion on sports is that it requires more data for conclusive evidence.,84,14,2.51,-0.33,author_1,2025-07-09 04:47:25,0.336,personal_tone
455,human,finance,"after trying several approaches related to finance, i noticed it improves efficiency significantly.",99,13,4.72,-0.53,author_37,2024-03-02 06:29:23,0.056,personal_tone
376,human,health,my personal opinion on health is that privacy concerns remain a top challenge.,78,13,3.54,-0.08,author_25,2025-04-15 10:04:02,0.079,personal_tone
226,human,sports,"as someone who follows sports, i believe there are trade-offs to consider.",74,12,3.07,-0.08,author_16,2025-04-16 03:10:01,0.154,personal_tone
140,ai,food,a concise overview of food: costs can vary greatly depending on implementation.,79,12,3.82,-0.0,gpt-4o-mini,2024-10-27 10:08:48,0.037,personal_tone
107,human,food,i recently experienced food in my day-to-day life and found that it can be optimized with simple heuristics.,108,18,3.2,0.4,author_77,2023-02-16 08:01:43,0.138,personal_tone
233,human,technology,"in my experience, technology often leads to there are trade-offs to consider. further investigation is warranted.",113,16,1.5,0.84,author_39,2023-07-27 04:48:10,0.309,personal_tone
292,human,education,"in my experience, education often leads to costs can vary greatly depending on implementation.",94,14,4.55,0.28,author_34,2023-12-25 12:32:01,0.057,personal_tone
205,ai,food,this article discusses food and highlights that there are trade-offs to consider. this could change as new data becomes available.,130,20,4.4,-0.45,claude-2,2023-03-31 06:49:21,0.065,personal_tone
332,human,science,i recently experienced science in my day-to-day life and found that there are trade-offs to consider. the results are promising but preliminary,143,22,2.43,0.58,author_8,2023-10-21 09:07:21,0.051,personal_tone
198,ai,lifestyle,the following summary on lifestyle shows the results are promising but preliminary.,83,12,2.7,0.89,bloomz-7b,2024-10-27 01:09:12,0.014,personal_tone
96,human,technology,"as someone who follows technology, i believe costs can vary greatly depending on implementation. it improves efficiency significantly users report a mixed set of outcomes",170,25,4.1,0.19,author_100,2025-02-02 02:18:50,0.167,personal_tone
123,human,lifestyle,"as someone who follows lifestyle, i believe it can be optimized with simple heuristics. community feedback will shape future developments.",138,20,2.08,0.06,author_31,2024-02-25 13:15:49,0.237,personal_tone
24,human,education,my personal opinion on education is that costs can vary greatly depending on implementation. community feedback will shape future developments.,143,20,3.64,0.88,author_71,2024-10-31 19:15:29,0.003,personal_tone
14,ai,entertainment,a concise overview of entertainment: privacy concerns remain a top challenge. further investigation is warranted. adoption increases with better education,154,20,3.88,0.28,gpt-4o-mini,2023-01-08 02:35:05,0.106,personal_tone
299,human,science,my personal opinion on science is that the community response has been overwhelmingly positive.,95,14,4.44,0.71,author_17,2023-07-05 10:41:46,0.034,personal_tone
40,ai,technology,the following summary on technology shows privacy concerns remain a top challenge. the community response has been overwhelmingly positive,138,19,4.17,0.88,bloomz-7b,2024-09-01 11:33:08,0.143,personal_tone
361,ai,lifestyle,the following summary on lifestyle shows there are trade-offs to consider.,74,11,2.78,0.41,bloomz-7b,2024-05-05 07:40:17,0.089,personal_tone
259,human,health,i recently experienced health in my day-to-day life and found that the community response has been overwhelmingly positive. it improves efficiency significantly,160,22,4.41,0.87,author_48,2023-05-14 07:12:49,0.288,personal_tone
243,human,science,"after trying several approaches related to science, i noticed privacy concerns remain a top challenge. i would love to hear others' thoughts on this.",149,24,3.29,-0.3,author_51,2025-04-07 05:39:25,0.188,personal_tone
173,human,technology,"in my experience, technology often leads to there are trade-offs to consider.",77,12,3.26,0.74,author_82,2024-12-21 11:19:20,0.242,personal_tone
99,ai,sports,research-style summary on sports suggests adoption increases with better education.,83,10,3.58,0.59,claude-2,2023-04-28 23:50:14,0.098,personal_tone
293,human,travel,"in my experience, travel often leads to it improves efficiency significantly. community feedback will shape future developments.",128,17,2.25,-0.27,author_53,2023-08-19 07:31:36,0.094,personal_tone
245,human,health,"as someone who follows health, i believe it improves efficiency significantly.",78,11,4.84,0.18,author_17,2025-03-12 09:26:20,0.058,personal_tone
352,ai,entertainment,analysis indicates that entertainment is associated with the community response has been overwhelmingly positive.,113,14,2.77,0.37,gpt-5-base,2023-03-25 10:13:00,0.129,personal_tone
377,ai,sports,this article discusses sports and highlights that adoption increases with better education.,91,12,2.77,-0.49,claude-2,2023-10-29 12:22:40,0.142,personal_tone
284,ai,education,research-style summary on education suggests users report a mixed set of outcomes.,82,12,4.79,-0.5,llama-3-small,2024-02-02 20:15:23,0.06,personal_tone
427,ai,entertainment,research-style summary on entertainment suggests adoption increases with better education.,90,10,3.22,-0.01,claude-2,2023-05-16 12:14:22,0.012,personal_tone
83,ai,travel,a concise overview of travel: it improves efficiency significantly.,67,9,4.21,0.52,llama-3-small,2023-02-20 22:04:42,0.112,personal_tone
459,ai,science,a concise overview of science: the community response has been overwhelmingly positive.,87,12,3.08,-0.16,bloomz-7b,2023-07-18 00:03:27,0.018,personal_tone
269,human,health,my personal opinion on health is that privacy concerns remain a top challenge.,78,13,4.8,-0.01,author_18,2023-04-14 12:15:13,0.106,personal_tone
28,ai,finance,analysis indicates that finance is associated with it improves efficiency significantly.,88,11,4.93,-0.54,gpt-4o-mini,2024-01-02 07:38:55,0.102,personal_tone
90,ai,sports,the following summary on sports shows there are trade-offs to consider. i would love to hear others' thoughts on this.,118,20,3.73,-0.45,bloomz-7b,2025-06-27 19:34:17,0.02,personal_tone
389,ai,entertainment,analysis indicates that entertainment is associated with it requires more data for conclusive evidence.,103,14,3.5,0.44,bloomz-7b,2023-03-03 07:50:41,0.122,personal_tone
74,ai,food,research-style summary on food suggests privacy concerns remain a top challenge.,80,11,4.67,0.87,bloomz-7b,2023-09-02 20:49:06,0.057,personal_tone
186,ai,technology,a concise overview of technology: costs can vary greatly depending on implementation.,85,12,3.54,-0.38,bloomz-7b,2024-01-21 06:41:41,0.113,personal_tone
172,human,travel,"as someone who follows travel, i believe it can be optimized with simple heuristics.",84,14,2.65,0.27,author_47,2024-08-09 00:24:58,0.092,personal_tone
162,human,finance,"as someone who follows finance, i believe privacy concerns remain a top challenge.",82,13,3.17,-0.03,author_69,2025-09-06 06:18:19,0.161,personal_tone
70,ai,entertainment,the following summary on entertainment shows it improves efficiency significantly. the community response has been overwhelmingly positive the community response has been overwhelmingly positive,194,24,2.8,0.86,llama-3-small,2024-09-15 08:42:45,0.106,personal_tone
219,ai,sports,the following summary on sports shows it improves efficiency significantly. i would love to hear others' thoughts on this.,122,19,4.5,0.21,gpt-4o-mini,2024-01-10 11:52:07,0.03,personal_tone
92,human,food,"in my experience, food often leads to the results are promising but preliminary.",80,13,2.77,0.87,author_83,2024-01-12 19:49:24,0.316,personal_tone
271,ai,travel,the following summary on travel shows users report a mixed set of outcomes.,75,13,4.87,-0.01,claude-2,2025-02-28 20:39:41,0.005,personal_tone
421,ai,food,a concise overview of food: the community response has been overwhelmingly positive. it requires more data for conclusive evidence,130,19,3.99,0.18,gpt-5-base,2025-06-30 10:59:22,0.001,personal_tone
379,ai,lifestyle,a concise overview of lifestyle: it improves efficiency significantly. i would love to hear others' thoughts on this.,117,18,4.47,-0.27,bloomz-7b,2024-12-19 08:22:17,0.12,personal_tone
126,ai,food,this article discusses food and highlights that privacy concerns remain a top challenge.,88,13,2.81,-0.47,claude-2,2023-06-14 09:55:55,0.067,personal_tone
371,human,health,"in my experience, health often leads to the results are promising but preliminary.",82,13,1.85,0.16,author_79,2025-03-15 12:19:19,0.28,personal_tone
275,human,entertainment,i recently experienced entertainment in my day-to-day life and found that there are trade-offs to consider.,107,16,4.83,-0.49,author_10,2023-06-24 13:40:12,0.056,personal_tone
60,human,technology,"in my experience, technology often leads to it requires more data for conclusive evidence. i would love to hear others' thoughts on this.",137,23,1.76,0.34,author_73,2023-02-24 05:31:27,0.052,personal_tone
121,ai,finance,this article discusses finance and highlights that privacy concerns remain a top challenge.,91,13,3.4,-0.06,bloomz-7b,2023-07-04 07:47:54,0.051,personal_tone
13,human,finance,"after trying several approaches related to finance, i noticed the community response has been overwhelmingly positive. community feedback will shape future developments.",169,22,2.98,-0.28,author_52,2024-07-06 07:19:25,0.25,personal_tone
387,ai,entertainment,research-style summary on entertainment suggests users report a mixed set of outcomes. community feedback will shape future developments.,137,18,4.54,0.48,bloomz-7b,2025-04-03 08:35:07,0.083,personal_tone
225,ai,science,this article discusses science and highlights that privacy concerns remain a top challenge.,91,13,3.86,0.89,bloomz-7b,2024-07-09 01:30:53,0.114,personal_tone
237,human,finance,"after trying several approaches related to finance, i noticed there are trade-offs to consider.",95,14,2.07,-0.07,author_53,2023-08-07 22:52:03,0.262,personal_tone
500,ai,travel,this article discusses travel and highlights that users report a mixed set of outcomes. costs can vary greatly depending on implementation it improves efficiency significantly,175,25,3.15,0.62,gpt-5-base,2023-07-02 16:02:27,0.01,personal_tone
315,ai,food,this article discusses food and highlights that users report a mixed set of outcomes.,85,14,3.18,-0.02,gpt-5-base,2025-05-21 17:24:44,0.12,personal_tone
158,ai,finance,research-style summary on finance suggests it can be optimized with simple heuristics.,86,12,3.34,0.64,llama-3-small,2024-06-29 17:50:05,0.106,personal_tone
365,human,food,"after trying several approaches related to food, i noticed the community response has been overwhelmingly positive.",115,16,2.85,-0.44,author_65,2023-07-27 19:01:52,0.301,personal_tone
187,human,education,"as someone who follows education, i believe it requires more data for conclusive evidence.",90,14,3.47,0.85,author_32,2024-07-24 19:17:47,0.047,personal_tone
268,human,food,"as someone who follows food, i believe adoption increases with better education.",80,12,2.12,0.6,author_19,2025-06-08 11:46:53,0.021,personal_tone
231,ai,lifestyle,this article discusses lifestyle and highlights that it improves efficiency significantly.,90,11,4.16,-0.06,bloomz-7b,2023-03-06 19:27:28,0.06,personal_tone
408,ai,lifestyle,a concise overview of lifestyle: there are trade-offs to consider. adoption increases with better education,107,15,4.46,0.11,gpt-4o-mini,2024-09-02 05:38:35,0.056,personal_tone
374,human,entertainment,i recently experienced entertainment in my day-to-day life and found that the community response has been overwhelmingly positive. community feedback will shape future developments.,181,24,1.62,0.3,author_87,2024-06-12 08:26:05,0.215,personal_tone
448,human,science,"in my experience, science often leads to users report a mixed set of outcomes.",78,14,4.03,-0.43,author_90,2025-03-08 21:18:55,0.328,personal_tone
344,human,finance,"after trying several approaches related to finance, i noticed it requires more data for conclusive evidence. further investigation is warranted.",144,20,2.93,0.08,author_50,2024-02-19 15:45:57,0.111,personal_tone
209,ai,food,analysis indicates that food is associated with the community response has been overwhelmingly positive.,104,14,4.13,0.29,gpt-5-base,2023-11-04 11:40:30,0.09,personal_tone
89,human,entertainment,"after trying several approaches related to entertainment, i noticed it improves efficiency significantly.",105,13,4.7,-0.27,author_90,2023-03-06 23:08:03,0.288,personal_tone
463,ai,science,a concise overview of science: costs can vary greatly depending on implementation.,82,12,4.36,0.65,llama-3-small,2023-11-03 20:34:08,0.109,personal_tone
132,human,sports,i recently experienced sports in my day-to-day life and found that the community response has been overwhelmingly positive.,123,18,2.39,-0.58,author_94,2025-03-18 02:27:35,0.121,personal_tone
125,ai,entertainment,a concise overview of entertainment: it requires more data for conclusive evidence.,83,12,2.91,-0.3,gpt-4o-mini,2024-09-11 05:02:20,0.131,personal_tone
175,human,education,i recently experienced education in my day-to-day life and found that adoption increases with better education.,111,16,2.77,0.78,author_65,2023-04-25 02:14:54,0.29,personal_tone
415,human,finance,i recently experienced finance in my day-to-day life and found that users report a mixed set of outcomes. implementation details matter a lot here.,147,24,1.61,0.36,author_80,2024-02-02 23:57:15,0.171,personal_tone
192,human,food,"in my experience, food often leads to costs can vary greatly depending on implementation. further investigation is warranted.",125,18,1.56,0.23,author_38,2024-08-21 21:05:09,0.252,personal_tone
15,human,health,my personal opinion on health is that it improves efficiency significantly. further investigation is warranted.,111,15,3.2,0.21,author_32,2025-01-10 20:47:27,0.202,personal_tone
398,ai,food,research-style summary on food suggests the community response has been overwhelmingly positive. i would love to hear others' thoughts on this.,143,21,3.41,-0.21,gpt-5-base,2023-11-07 00:23:03,0.0,personal_tone
246,ai,health,analysis indicates that health is associated with it improves efficiency significantly.,87,11,2.66,0.47,bloomz-7b,2024-08-13 22:50:51,0.012,personal_tone
124,ai,lifestyle,a concise overview of lifestyle: it requires more data for conclusive evidence. further investigation is warranted.,115,16,4.52,0.1,claude-2,2025-05-05 07:03:50,0.055,personal_tone
139,human,finance,"in my experience, finance often leads to adoption increases with better education. i would love to hear others' thoughts on this.",129,21,3.76,-0.06,author_20,2025-08-30 20:39:09,0.011,personal_tone
52,human,sports,"after trying several approaches related to sports, i noticed users report a mixed set of outcomes.",98,16,4.33,0.21,author_94,2024-05-10 16:55:31,0.152,personal_tone
113,human,finance,"as someone who follows finance, i believe it requires more data for conclusive evidence. further investigation is warranted.",124,18,3.79,-0.33,author_97,2025-03-02 22:51:46,0.173,personal_tone
10,ai,food,analysis indicates that food is associated with there are trade-offs to consider.,81,12,4.88,0.71,claude-2,2023-09-27 18:13:32,0.114,personal_tone
20,ai,finance,analysis indicates that finance is associated with the results are promising but preliminary. i would love to hear others' thoughts on this.,140,22,3.86,0.52,claude-2,2023-02-28 01:49:32,0.088,personal_tone
17,human,sports,i recently experienced sports in my day-to-day life and found that costs can vary greatly depending on implementation. further investigation is warranted.,154,22,1.99,-0.32,author_10,2024-04-18 09:05:42,0.306,personal_tone
429,human,science,"after trying several approaches related to science, i noticed adoption increases with better education. i would love to hear others' thoughts on this.",150,23,3.01,0.43,author_53,2024-08-12 03:15:43,0.039,personal_tone
1,human,technology,"as someone who follows technology, i believe it requires more data for conclusive evidence. i would love to hear others' thoughts on this.",138,23,4.62,-0.47,author_28,2024-03-08 01:09:25,0.01,personal_tone
350,human,travel,i recently experienced travel in my day-to-day life and found that adoption increases with better education.,108,16,3.08,0.32,author_73,2023-11-10 21:16:08,0.053,personal_tone
106,human,finance,i recently experienced finance in my day-to-day life and found that adoption increases with better education.,109,16,3.82,0.13,author_97,2024-03-28 15:04:47,0.096,personal_tone
276,human,food,"after trying several approaches related to food, i noticed adoption increases with better education.",100,14,3.01,0.38,author_13,2024-09-13 15:48:31,0.055,personal_tone
401,ai,education,research-style summary on education suggests privacy concerns remain a top challenge.,85,11,3.21,0.51,gpt-4o-mini,2025-04-08 09:47:15,0.062,personal_tone
483,ai,sports,research-style summary on sports suggests it can be optimized with simple heuristics. further investigation is warranted.,121,16,2.97,-0.02,gpt-5-base,2025-08-04 13:07:03,0.126,personal_tone
434,ai,technology,this article discusses technology and highlights that the community response has been overwhelmingly positive. this could change as new data becomes available.,159,22,4.78,-0.06,bloomz-7b,2023-04-21 00:41:40,0.044,personal_tone
425,ai,health,analysis indicates that health is associated with it improves efficiency significantly.,87,11,3.54,0.7,claude-2,2025-06-09 08:15:16,0.112,personal_tone
321,ai,health,a concise overview of health: the community response has been overwhelmingly positive.,86,12,4.36,-0.57,claude-2,2024-02-18 15:00:46,0.005,personal_tone
273,ai,technology,the following summary on technology shows it requires more data for conclusive evidence. i would love to hear others' thoughts on this.,135,22,4.47,0.48,bloomz-7b,2023-02-19 14:03:05,0.066,personal_tone
442,human,finance,i recently experienced finance in my day-to-day life and found that users report a mixed set of outcomes.,105,18,2.43,0.25,author_88,2023-08-25 21:42:46,0.081,personal_tone
39,ai,entertainment,the following summary on entertainment shows it can be optimized with simple heuristics. i would love to hear others' thoughts on this.,135,22,4.65,0.73,claude-2,2025-03-08 15:28:44,0.033,personal_tone
151,ai,finance,research-style summary on finance suggests costs can vary greatly depending on implementation.,94,12,3.67,-0.2,llama-3-small,2023-09-11 05:07:45,0.015,personal_tone
295,ai,sports,analysis indicates that sports is associated with it can be optimized with simple heuristics.,93,14,3.26,0.18,gpt-4o-mini,2024-09-30 14:27:35,0.088,personal_tone
164,ai,food,analysis indicates that food is associated with the community response has been overwhelmingly positive.,104,14,4.3,-0.17,bloomz-7b,2024-08-10 19:46:37,0.057,personal_tone
168,human,lifestyle,"after trying several approaches related to lifestyle, i noticed the results are promising but preliminary.",106,15,1.63,0.78,author_5,2024-03-03 06:24:00,0.327,personal_tone
247,ai,technology,research-style summary on technology suggests the community response has been overwhelmingly positive. further investigation is warranted.,138,16,2.76,0.26,claude-2,2025-01-10 04:11:57,0.034,personal_tone
207,human,sports,"as someone who follows sports, i believe users report a mixed set of outcomes.",78,14,2.01,-0.35,author_10,2023-10-10 15:19:54,0.105,personal_tone
189,human,health,"after trying several approaches related to health, i noticed the results are promising but preliminary.",103,15,3.18,0.7,author_2,2023-12-07 11:02:19,0.335,personal_tone
451,ai,science,this article discusses science and highlights that it can be optimized with simple heuristics.,94,14,3.91,0.39,gpt-5-base,2023-06-03 05:54:09,0.13,personal_tone
471,ai,lifestyle,the following summary on lifestyle shows the results are promising but preliminary. community feedback will shape future developments.,134,18,3.85,-0.52,gpt-4o-mini,2023-01-30 17:08:20,0.135,personal_tone
146,human,finance,"after trying several approaches related to finance, i noticed it can be optimized with simple heuristics. privacy concerns remain a top challenge",145,22,2.04,-0.35,author_67,2023-11-27 08:12:32,0.121,personal_tone
274,human,sports,"in my experience, sports often leads to the community response has been overwhelmingly positive.",96,14,4.4,0.58,author_29,2024-08-14 23:42:03,0.265,personal_tone
428,human,science,my personal opinion on science is that it can be optimized with simple heuristics. community feedback will shape future developments.,133,20,3.94,0.54,author_51,2024-05-07 20:21:48,0.069,personal_tone
473,ai,education,this article discusses education and highlights that privacy concerns remain a top challenge.,93,13,3.66,-0.4,llama-3-small,2025-04-12 17:02:57,0.015,personal_tone
347,ai,food,research-style summary on food suggests it improves efficiency significantly. it improves efficiency significantly,114,13,3.93,-0.01,llama-3-small,2024-07-14 03:05:57,0.046,personal_tone
363,human,science,"after trying several approaches related to science, i noticed it can be optimized with simple heuristics.",105,16,4.57,0.49,author_28,2025-04-21 10:19:12,0.332,personal_tone
43,human,education,"in my experience, education often leads to there are trade-offs to consider.",76,12,2.96,-0.29,author_75,2024-03-06 14:10:49,0.317,personal_tone
161,human,lifestyle,"as someone who follows lifestyle, i believe there are trade-offs to consider. this could change as new data becomes available.",126,20,2.95,-0.29,author_95,2024-05-28 22:15:47,0.322,personal_tone
482,human,technology,my personal opinion on technology is that privacy concerns remain a top challenge. this could change as new data becomes available.,131,21,2.32,0.45,author_49,2024-02-08 22:45:48,0.111,personal_tone
438,human,food,"as someone who follows food, i believe it can be optimized with simple heuristics. implementation details matter a lot here.",124,20,3.87,0.71,author_74,2024-12-03 08:16:49,0.146,personal_tone
405,human,science,"as someone who follows science, i believe the community response has been overwhelmingly positive. this could change as new data becomes available.",147,22,4.4,-0.42,author_57,2025-02-25 09:03:51,0.135,personal_tone
329,human,travel,my personal opinion on travel is that it can be optimized with simple heuristics.,81,14,1.97,0.02,author_90,2024-12-17 18:39:07,0.105,personal_tone
176,human,lifestyle,"as someone who follows lifestyle, i believe privacy concerns remain a top challenge. community feedback will shape future developments.",135,19,3.88,0.48,author_58,2024-05-15 03:18:39,0.315,personal_tone
413,ai,entertainment,research-style summary on entertainment suggests it improves efficiency significantly.,86,9,2.55,0.69,gpt-4o-mini,2025-03-05 22:34:50,0.036,personal_tone
359,ai,sports,research-style summary on sports suggests costs can vary greatly depending on implementation.,93,12,3.79,-0.04,llama-3-small,2025-07-18 08:06:55,0.077,personal_tone
230,ai,sports,a concise overview of sports: it can be optimized with simple heuristics. i would love to hear others' thoughts on this.,120,21,4.37,0.44,bloomz-7b,2025-06-17 13:26:14,0.068,personal_tone
479,human,lifestyle,my personal opinion on lifestyle is that it can be optimized with simple heuristics.,84,14,1.82,0.63,author_82,2025-06-27 21:08:42,0.316,personal_tone
229,human,sports,my personal opinion on sports is that it improves efficiency significantly. the results are promising but preliminary,117,17,2.01,-0.12,author_74,2023-09-11 14:17:52,0.171,personal_tone
404,ai,travel,analysis indicates that travel is associated with the community response has been overwhelmingly positive.,106,14,3.33,0.67,bloomz-7b,2025-09-01 05:19:08,0.008,personal_tone
54,ai,finance,the following summary on finance shows the community response has been overwhelmingly positive.,95,13,3.2,0.29,claude-2,2025-06-20 10:03:31,0.083,personal_tone
228,ai,science,research-style summary on science suggests it requires more data for conclusive evidence.,89,12,4.26,-0.17,gpt-4o-mini,2023-10-01 18:43:45,0.148,personal_tone
467,ai,science,a concise overview of science: it improves efficiency significantly.,68,9,3.35,0.13,llama-3-small,2025-06-13 19:03:52,0.047,personal_tone
499,human,health,my personal opinion on health is that users report a mixed set of outcomes.,75,14,1.76,0.08,author_86,2023-10-11 15:32:45,0.242,personal_tone
155,ai,sports,this article discusses sports and highlights that costs can vary greatly depending on implementation.,101,14,2.99,0.23,claude-2,2023-03-17 14:03:59,0.076,personal_tone
159,ai,technology,analysis indicates that technology is associated with costs can vary greatly depending on implementation.,105,14,3.96,0.6,bloomz-7b,2025-01-12 22:54:38,0.004,personal_tone
114,ai,lifestyle,analysis indicates that lifestyle is associated with adoption increases with better education.,94,12,2.88,-0.5,llama-3-small,2024-03-28 22:59:16,0.045,personal_tone
319,ai,finance,research-style summary on finance suggests privacy concerns remain a top challenge. further investigation is warranted.,119,15,3.67,0.14,llama-3-small,2023-06-19 02:43:32,0.113,personal_tone
212,ai,travel,a concise overview of travel: there are trade-offs to consider. the results are promising but preliminary it requires more data for conclusive evidence,151,23,4.15,0.47,claude-2,2025-03-19 13:43:32,0.011,personal_tone
109,human,finance,"after trying several approaches related to finance, i noticed it can be optimized with simple heuristics.",105,16,4.42,0.61,author_6,2023-03-15 14:27:24,0.302,personal_tone
170,ai,travel,this article discusses travel and highlights that the results are promising but preliminary.,92,13,4.12,0.48,claude-2,2023-01-15 12:16:25,0.119,personal_tone
80,human,finance,i recently experienced finance in my day-to-day life and found that users report a mixed set of outcomes.,105,18,3.89,0.15,author_82,2024-08-20 05:12:38,0.081,personal_tone
472,human,sports,i recently experienced sports in my day-to-day life and found that it improves efficiency significantly.,104,15,3.59,0.29,author_40,2025-05-06 16:13:56,0.216,personal_tone
85,human,travel,i recently experienced travel in my day-to-day life and found that the community response has been overwhelmingly positive.,123,18,1.82,-0.16,author_17,2025-02-04 15:07:40,0.061,personal_tone
9,human,sports,i recently experienced sports in my day-to-day life and found that adoption increases with better education.,108,16,3.14,-0.22,author_15,2024-07-20 00:25:04,0.238,personal_tone
33,ai,lifestyle,this article discusses lifestyle and highlights that privacy concerns remain a top challenge.,93,13,3.14,0.46,claude-2,2023-01-02 18:55:46,0.139,personal_tone
100,human,sports,"as someone who follows sports, i believe the community response has been overwhelmingly positive.",97,14,2.9,0.49,author_33,2023-11-17 15:32:16,0.109,personal_tone
436,human,technology,"after trying several approaches related to technology, i noticed the results are promising but preliminary.",107,15,4.11,-0.57,author_39,2024-12-01 12:48:45,0.124,personal_tone
412,ai,food,analysis indicates that food is associated with the community response has been overwhelmingly positive.,104,14,4.65,-0.36,llama-3-small,2024-06-27 05:38:39,0.067,personal_tone
223,ai,lifestyle,analysis indicates that lifestyle is associated with it improves efficiency significantly.,90,11,2.99,-0.02,bloomz-7b,2024-07-29 18:24:08,0.098,personal_tone
29,ai,science,research-style summary on science suggests it can be optimized with simple heuristics.,86,12,3.09,-0.36,gpt-4o-mini,2025-03-30 06:26:46,0.132,personal_tone
288,ai,travel,this article discusses travel and highlights that costs can vary greatly depending on implementation.,101,14,3.28,0.66,gpt-5-base,2025-05-28 03:34:33,0.146,personal_tone
395,human,health,"after trying several approaches related to health, i noticed the community response has been overwhelmingly positive. implementation details matter a lot here.",159,22,4.99,-0.44,author_50,2024-09-24 05:39:12,0.03,personal_tone
56,ai,education,the following summary on education shows it can be optimized with simple heuristics.,84,13,3.68,0.2,bloomz-7b,2024-03-11 20:02:20,0.05,personal_tone
475,ai,entertainment,this article discusses entertainment and highlights that it improves efficiency significantly.,94,11,3.65,-0.34,gpt-5-base,2025-02-25 12:41:33,0.091,personal_tone
485,ai,lifestyle,a concise overview of lifestyle: users report a mixed set of outcomes.,70,12,3.63,-0.07,claude-2,2023-07-10 15:27:55,0.091,personal_tone
411,ai,food,analysis indicates that food is associated with users report a mixed set of outcomes.,85,14,3.59,-0.16,gpt-5-base,2024-12-14 17:50:37,0.028,personal_tone
49,ai,finance,research-style summary on finance suggests adoption increases with better education.,84,10,4.44,-0.35,llama-3-small,2023-11-15 03:56:08,0.087,personal_tone
474,ai,entertainment,the following summary on entertainment shows the results are promising but preliminary. community feedback will shape future developments.,138,18,3.41,-0.32,llama-3-small,2025-07-28 12:01:36,0.118,personal_tone
355,ai,finance,research-style summary on finance suggests the community response has been overwhelmingly positive.,99,12,3.76,0.39,claude-2,2025-05-18 22:21:22,0.103,personal_tone
34,human,food,i recently experienced food in my day-to-day life and found that it can be optimized with simple heuristics.,108,18,3.68,0.4,author_86,2023-05-08 10:56:03,0.177,personal_tone
36,ai,science,analysis indicates that science is associated with it improves efficiency significantly.,88,11,3.95,0.38,gpt-5-base,2024-04-21 16:05:05,0.066,personal_tone
64,ai,health,the following summary on health shows privacy concerns remain a top challenge.,78,12,4.57,-0.49,claude-2,2023-06-19 11:11:59,0.089,personal_tone
400,ai,education,research-style summary on education suggests it can be optimized with simple heuristics.,88,12,4.29,0.37,gpt-4o-mini,2025-04-28 13:46:32,0.033,personal_tone
308,ai,travel,research-style summary on travel suggests privacy concerns remain a top challenge. i would love to hear others' thoughts on this.,129,20,4.13,-0.57,bloomz-7b,2024-12-07 04:12:56,0.063,personal_tone
490,ai,technology,research-style summary on technology suggests the community response has been overwhelmingly positive. i would love to hear others' thoughts on this.,149,21,3.23,0.51,gpt-5-base,2023-01-28 10:26:33,0.073,personal_tone
46,human,health,"as someone who follows health, i believe it can be optimized with simple heuristics.",84,14,2.41,-0.11,author_49,2024-04-10 11:54:00,0.118,personal_tone
304,human,finance,"in my experience, finance often leads to adoption increases with better education.",82,12,4.88,-0.03,author_48,2023-02-08 19:26:03,0.07,personal_tone
220,ai,entertainment,analysis indicates that entertainment is associated with privacy concerns remain a top challenge.,97,13,3.97,-0.08,llama-3-small,2025-05-15 16:40:12,0.093,personal_tone
383,ai,lifestyle,research-style summary on lifestyle suggests it improves efficiency significantly.,82,9,3.43,-0.13,bloomz-7b,2025-07-08 20:55:03,0.13,personal_tone
297,ai,travel,the following summary on travel shows the results are promising but preliminary.,80,12,2.64,0.69,llama-3-small,2025-04-09 21:50:47,0.061,personal_tone
22,human,sports,"after trying several approaches related to sports, i noticed adoption increases with better education.",102,14,2.21,0.47,author_86,2023-09-02 09:40:14,0.139,personal_tone
249,ai,education,the following summary on education shows costs can vary greatly depending on implementation.,92,13,3.18,-0.48,gpt-4o-mini,2024-01-17 04:20:50,0.075,personal_tone
310,human,sports,"after trying several approaches related to sports, i noticed there are trade-offs to consider. there are trade-offs to consider",127,19,3.24,0.31,author_26,2025-03-07 09:34:31,0.291,personal_tone
200,human,education,"after trying several approaches related to education, i noticed the results are promising but preliminary. it requires more data for conclusive evidence",152,22,4.65,0.25,author_41,2023-02-03 06:31:48,0.325,personal_tone
138,ai,lifestyle,analysis indicates that lifestyle is associated with it can be optimized with simple heuristics.,96,14,2.64,0.41,gpt-5-base,2024-02-20 13:13:39,0.077,personal_tone
25,ai,health,analysis indicates that health is associated with users report a mixed set of outcomes. i would love to hear others' thoughts on this.,134,23,2.89,-0.18,llama-3-small,2023-08-04 12:29:02,0.031,personal_tone
185,human,travel,"after trying several approaches related to travel, i noticed users report a mixed set of outcomes. this could change as new data becomes available.",147,24,3.45,0.29,author_55,2025-01-22 06:22:35,0.219,personal_tone
135,human,travel,i recently experienced travel in my day-to-day life and found that costs can vary greatly depending on implementation.,118,18,1.94,-0.05,author_50,2025-06-29 14:33:51,0.26,personal_tone
300,ai,science,analysis indicates that science is associated with users report a mixed set of outcomes.,88,14,3.06,0.71,claude-2,2024-03-06 12:03:46,0.056,personal_tone
117,ai,science,this article discusses science and highlights that users report a mixed set of outcomes.,88,14,4.59,0.87,gpt-4o-mini,2023-03-28 18:22:12,0.097,personal_tone
213,ai,lifestyle,research-style summary on lifestyle suggests it can be optimized with simple heuristics.,88,12,4.23,0.22,claude-2,2025-03-20 13:05:24,0.105,personal_tone
453,ai,technology,a concise overview of technology: the community response has been overwhelmingly positive.,90,12,2.51,0.72,bloomz-7b,2023-09-01 07:53:46,0.088,personal_tone
430,ai,food,the following summary on food shows costs can vary greatly depending on implementation.,87,13,2.56,-0.14,bloomz-7b,2023-12-25 22:26:09,0.123,personal_tone
465,human,lifestyle,"in my experience, lifestyle often leads to adoption increases with better education. i would love to hear others' thoughts on this.",131,21,4.13,0.46,author_12,2023-11-19 01:09:05,0.095,personal_tone
232,human,entertainment,my personal opinion on entertainment is that it requires more data for conclusive evidence.,91,14,3.52,0.25,author_98,2024-05-11 12:30:54,0.313,personal_tone
218,ai,entertainment,a concise overview of entertainment: the results are promising but preliminary.,79,11,4.14,-0.01,bloomz-7b,2025-01-25 22:21:32,0.132,personal_tone
57,ai,travel,the following summary on travel shows it requires more data for conclusive evidence. further investigation is warranted.,120,17,4.36,0.83,bloomz-7b,2024-12-07 06:44:27,0.029,personal_tone
462,human,finance,my personal opinion on finance is that the results are promising but preliminary.,81,13,3.18,0.11,author_20,2023-02-06 23:30:26,0.048,personal_tone
369,human,sports,my personal opinion on sports is that the results are promising but preliminary. adoption increases with better education it requires more data for conclusive evidence,167,25,2.41,0.2,author_88,2024-08-01 13:18:45,0.214,personal_tone
182,human,education,my personal opinion on education is that the community response has been overwhelmingly positive. further investigation is warranted.,133,18,4.04,-0.43,author_3,2025-04-08 15:15:50,0.215,personal_tone
115,human,food,i recently experienced food in my day-to-day life and found that privacy concerns remain a top challenge.,105,17,1.7,0.65,author_12,2023-03-20 23:28:17,0.302,personal_tone
279,human,travel,"in my experience, travel often leads to there are trade-offs to consider.",73,12,2.89,0.13,author_70,2024-11-07 09:38:54,0.032,personal_tone
119,ai,health,this article discusses health and highlights that costs can vary greatly depending on implementation.,101,14,3.13,0.68,llama-3-small,2025-09-14 21:56:37,0.131,personal_tone
378,ai,science,analysis indicates that science is associated with adoption increases with better education.,92,12,3.91,0.55,bloomz-7b,2025-02-14 12:22:00,0.144,personal_tone
171,human,finance,"in my experience, finance often leads to adoption increases with better education.",82,12,1.8,0.4,author_32,2023-07-09 05:07:10,0.167,personal_tone
55,human,health,"in my experience, health often leads to the results are promising but preliminary.",82,13,3.92,0.37,author_12,2024-05-17 16:19:03,0.278,personal_tone
177,human,entertainment,"after trying several approaches related to entertainment, i noticed users report a mixed set of outcomes.",105,16,3.46,0.41,author_1,2023-11-12 00:47:33,0.139,personal_tone
328,human,finance,"in my experience, finance often leads to there are trade-offs to consider.",74,12,2.63,0.72,author_98,2024-03-04 22:10:22,0.321,personal_tone
195,human,technology,"as someone who follows technology, i believe it can be optimized with simple heuristics.",88,14,3.98,-0.59,author_80,2024-06-01 16:36:10,0.131,personal_tone
199,ai,science,this article discusses science and highlights that the community response has been overwhelmingly positive.,107,14,2.71,0.67,gpt-4o-mini,2024-10-22 12:03:40,0.085,personal_tone
356,human,entertainment,"as someone who follows entertainment, i believe users report a mixed set of outcomes.",85,14,4.55,-0.38,author_6,2025-01-19 17:36:13,0.329,personal_tone
183,human,education,i recently experienced education in my day-to-day life and found that there are trade-offs to consider.,103,16,3.85,0.71,author_30,2023-09-08 01:36:38,0.141,personal_tone
410,human,finance,"as someone who follows finance, i believe the community response has been overwhelmingly positive.",98,14,3.76,-0.08,author_3,2025-07-02 15:58:23,0.257,personal_tone
131,human,finance,"in my experience, finance often leads to it requires more data for conclusive evidence. this could change as new data becomes available.",136,22,2.96,0.4,author_9,2023-03-29 19:03:34,0.341,personal_tone
354,human,science,"after trying several approaches related to science, i noticed it requires more data for conclusive evidence.",108,16,3.79,-0.38,author_76,2024-02-06 08:07:49,0.312,personal_tone
339,ai,health,the following summary on health shows costs can vary greatly depending on implementation.,89,13,3.33,-0.16,claude-2,2025-08-31 22:30:39,0.08,personal_tone
364,ai,lifestyle,a concise overview of lifestyle: the community response has been overwhelmingly positive. implementation details matter a lot here.,131,18,4.49,0.63,llama-3-small,2023-07-06 22:41:25,0.099,personal_tone
61,ai,health,this article discusses health and highlights that the results are promising but preliminary.,92,13,3.99,0.33,bloomz-7b,2025-03-05 19:01:34,0.057,personal_tone
95,ai,finance,this article discusses finance and highlights that adoption increases with better education.,92,12,4.97,0.21,gpt-4o-mini,2025-03-28 06:21:11,0.016,personal_tone
194,ai,entertainment,analysis indicates that entertainment is associated with users report a mixed set of outcomes. community feedback will shape future developments.,145,20,4.79,0.21,gpt-4o-mini,2024-10-19 02:08:18,0.079,personal_tone
203,ai,food,analysis indicates that food is associated with it improves efficiency significantly.,85,11,3.07,0.23,claude-2,2024-01-20 15:43:23,0.028,personal_tone
153,ai,science,a concise overview of science: the community response has been overwhelmingly positive.,87,12,2.73,-0.01,llama-3-small,2024-04-13 08:45:52,0.032,personal_tone
338,ai,lifestyle,analysis indicates that lifestyle is associated with privacy concerns remain a top challenge. this could change as new data becomes available.,142,21,4.89,0.18,claude-2,2025-03-16 18:23:29,0.024,personal_tone
409,human,finance,i recently experienced finance in my day-to-day life and found that the community response has been overwhelmingly positive.,124,18,4.89,0.54,author_20,2023-03-03 02:10:34,0.124,personal_tone
11,human,travel,"after trying several approaches related to travel, i noticed privacy concerns remain a top challenge. this could change as new data becomes available.",150,23,3.39,0.57,author_63,2024-06-27 00:01:14,0.21,personal_tone
270,human,sports,my personal opinion on sports is that the community response has been overwhelmingly positive. community feedback will shape future developments.,145,20,4.75,0.58,author_49,2023-08-17 21:26:34,0.285,personal_tone
97,ai,science,this article discusses science and highlights that adoption increases with better education.,92,12,4.04,0.49,bloomz-7b,2025-07-19 23:59:23,0.078,personal_tone
211,ai,food,research-style summary on food suggests there are trade-offs to consider. community feedback will shape future developments.,124,16,4.42,-0.56,gpt-5-base,2025-01-14 16:48:25,0.141,personal_tone
241,human,food,"as someone who follows food, i believe costs can vary greatly depending on implementation.",90,14,2.97,0.22,author_99,2023-06-26 17:08:56,0.334,personal_tone
58,ai,lifestyle,research-style summary on lifestyle suggests privacy concerns remain a top challenge. it requires more data for conclusive evidence,131,18,3.07,-0.33,gpt-4o-mini,2023-01-15 19:26:50,0.019,personal_tone
302,ai,sports,the following summary on sports shows it improves efficiency significantly. further investigation is warranted.,111,14,4.97,0.74,gpt-5-base,2024-04-13 05:12:52,0.047,personal_tone
360,ai,entertainment,research-style summary on entertainment suggests the community response has been overwhelmingly positive. further investigation is warranted.,141,16,3.07,0.17,gpt-5-base,2023-10-15 07:42:03,0.023,personal_tone
37,ai,finance,analysis indicates that finance is associated with there are trade-offs to consider.,84,12,3.34,0.63,gpt-5-base,2025-02-08 08:33:04,0.101,personal_tone
491,human,travel,"as someone who follows travel, i believe it requires more data for conclusive evidence.",87,14,2.4,0.51,author_95,2024-09-10 06:21:26,0.319,personal_tone
21,human,technology,i recently experienced technology in my day-to-day life and found that privacy concerns remain a top challenge. the results are promising but preliminary,153,23,2.91,0.81,author_6,2024-08-06 08:57:51,0.203,personal_tone
441,human,food,"in my experience, food often leads to it can be optimized with simple heuristics.",81,14,4.38,0.36,author_25,2025-01-26 09:58:07,0.053,personal_tone
333,ai,education,this article discusses education and highlights that privacy concerns remain a top challenge.,93,13,4.04,0.41,claude-2,2024-07-29 08:10:00,0.111,personal_tone
76,ai,health,this article discusses health and highlights that the community response has been overwhelmingly positive.,106,14,4.31,0.01,llama-3-small,2024-11-01 05:37:12,0.011,personal_tone
201,human,education,"as someone who follows education, i believe adoption increases with better education.",85,12,2.89,-0.48,author_50,2023-06-16 20:31:59,0.084,personal_tone
78,human,lifestyle,"as someone who follows lifestyle, i believe there are trade-offs to consider.",77,12,4.99,0.52,author_91,2024-03-20 03:35:03,0.266,personal_tone
264,ai,lifestyle,analysis indicates that lifestyle is associated with privacy concerns remain a top challenge.,93,13,3.3,-0.27,bloomz-7b,2025-07-06 10:13:42,0.009,personal_tone
494,ai,technology,this article discusses technology and highlights that it requires more data for conclusive evidence. implementation details matter a lot here.,142,20,3.25,0.52,bloomz-7b,2025-02-09 19:23:18,0.035,personal_tone
150,human,finance,"in my experience, finance often leads to the community response has been overwhelmingly positive.",97,14,3.62,-0.13,author_45,2025-01-05 11:37:33,0.257,personal_tone
440,human,sports,"after trying several approaches related to sports, i noticed users report a mixed set of outcomes.",98,16,3.45,0.82,author_19,2023-05-02 06:42:14,0.111,personal_tone
53,ai,food,this article discusses food and highlights that the results are promising but preliminary.,90,13,4.38,0.25,bloomz-7b,2024-11-15 13:47:54,0.05,personal_tone
263,human,sports,"after trying several approaches related to sports, i noticed the results are promising but preliminary. community feedback will shape future developments.",154,21,4.96,0.57,author_63,2024-01-03 17:27:53,0.191,personal_tone
254,ai,food,this article discusses food and highlights that the community response has been overwhelmingly positive.,104,14,4.09,-0.01,gpt-5-base,2024-08-29 20:40:25,0.009,personal_tone
458,human,entertainment,my personal opinion on entertainment is that adoption increases with better education.,86,12,2.41,0.26,author_79,2024-09-30 12:53:00,0.324,personal_tone
260,human,lifestyle,my personal opinion on lifestyle is that adoption increases with better education. the results are promising but preliminary,124,18,4.66,0.07,author_43,2023-05-12 03:20:55,0.317,personal_tone
370,ai,education,research-style summary on education suggests it can be optimized with simple heuristics.,88,12,3.43,0.23,bloomz-7b,2023-09-17 11:09:53,0.087,personal_tone
322,human,health,"after trying several approaches related to health, i noticed adoption increases with better education.",102,14,3.47,0.38,author_7,2024-04-12 12:24:36,0.127,personal_tone
184,human,technology,"after trying several approaches related to technology, i noticed users report a mixed set of outcomes.",102,16,4.71,0.26,author_42,2024-08-14 21:46:10,0.27,personal_tone
152,ai,lifestyle,the following summary on lifestyle shows it can be optimized with simple heuristics.,84,13,4.53,0.8,gpt-5-base,2025-01-08 11:23:08,0.028,personal_tone
191,ai,entertainment,analysis indicates that entertainment is associated with privacy concerns remain a top challenge.,97,13,4.71,0.1,llama-3-small,2025-04-02 17:05:37,0.114,personal_tone
75,human,food,"in my experience, food often leads to the community response has been overwhelmingly positive.",94,14,4.37,0.87,author_76,2024-05-22 01:20:52,0.044,personal_tone
349,ai,science,analysis indicates that science is associated with there are trade-offs to consider.,84,12,2.99,0.27,gpt-5-base,2025-09-01 12:02:45,0.054,personal_tone
244,human,travel,"as someone who follows travel, i believe it can be optimized with simple heuristics. i would love to hear others' thoughts on this.",131,23,1.91,0.32,author_85,2023-02-26 11:15:39,0.233,personal_tone
88,human,travel,i recently experienced travel in my day-to-day life and found that privacy concerns remain a top challenge.,107,17,3.85,0.28,author_14,2025-04-22 23:14:55,0.329,personal_tone
240,human,sports,i recently experienced sports in my day-to-day life and found that it requires more data for conclusive evidence.,113,18,2.34,-0.02,author_10,2023-09-04 18:11:21,0.223,personal_tone
144,ai,science,analysis indicates that science is associated with adoption increases with better education.,92,12,2.82,0.73,bloomz-7b,2023-03-09 11:15:39,0.06,personal_tone
419,ai,entertainment,this article discusses entertainment and highlights that it can be optimized with simple heuristics. further investigation is warranted.,136,18,3.76,0.39,llama-3-small,2024-06-30 21:50:32,0.066,personal_tone
267,human,lifestyle,"in my experience, lifestyle often leads to the results are promising but preliminary.",85,13,1.63,-0.52,author_62,2024-09-08 07:57:59,0.007,personal_tone
289,human,travel,my personal opinion on travel is that the community response has been overwhelmingly positive.,94,14,3.76,-0.32,author_98,2023-08-05 14:49:28,0.259,personal_tone
137,ai,food,this article discusses food and highlights that there are trade-offs to consider.,81,12,3.61,0.48,gpt-4o-mini,2023-06-20 16:09:43,0.053,personal_tone
84,human,lifestyle,"as someone who follows lifestyle, i believe costs can vary greatly depending on implementation.",95,14,3.87,0.48,author_81,2024-11-06 04:58:47,0.22,personal_tone
444,human,education,"in my experience, education often leads to it improves efficiency significantly. it can be optimized with simple heuristics the results are promising but preliminary",165,24,4.1,0.88,author_57,2025-02-14 07:26:52,0.023,personal_tone
156,ai,lifestyle,this article discusses lifestyle and highlights that adoption increases with better education. i would love to hear others' thoughts on this.,141,21,4.49,-0.09,gpt-5-base,2025-08-19 13:18:40,0.113,personal_tone
357,human,entertainment,i recently experienced entertainment in my day-to-day life and found that the results are promising but preliminary.,116,17,3.84,0.18,author_59,2025-03-21 13:09:09,0.136,personal_tone
382,human,education,"as someone who follows education, i believe it requires more data for conclusive evidence. further investigation is warranted.",126,18,2.75,0.57,author_85,2023-05-03 02:51:27,0.237,personal_tone
280,ai,finance,a concise overview of finance: costs can vary greatly depending on implementation.,82,12,3.16,0.1,gpt-5-base,2023-08-20 09:46:40,0.085,personal_tone
127,human,sports,"as someone who follows sports, i believe there are trade-offs to consider.",74,12,4.76,0.02,author_50,2024-02-10 18:16:39,0.131,personal_tone
196,ai,entertainment,this article discusses entertainment and highlights that it improves efficiency significantly.,94,11,2.54,0.48,bloomz-7b,2024-07-02 10:26:16,0.003,personal_tone
266,ai,finance,the following summary on finance shows users report a mixed set of outcomes.,76,13,4.24,0.77,claude-2,2023-01-29 12:48:15,0.142,personal_tone
488,human,entertainment,"after trying several approaches related to entertainment, i noticed there are trade-offs to consider.",101,14,1.68,-0.08,author_66,2025-03-08 00:23:33,0.164,personal_tone
105,human,technology,"after trying several approaches related to technology, i noticed there are trade-offs to consider. implementation details matter a lot here.",140,20,2.05,-0.13,author_7,2023-11-29 20:39:55,0.209,personal_tone
154,human,technology,"in my experience, technology often leads to it requires more data for conclusive evidence.",90,14,3.85,-0.17,author_34,2023-01-09 03:54:49,0.151,personal_tone
283,human,health,"as someone who follows health, i believe the community response has been overwhelmingly positive.",97,14,2.24,-0.31,author_88,2023-02-13 15:24:52,0.027,personal_tone
392,ai,entertainment,the following summary on entertainment shows users report a mixed set of outcomes.,82,13,3.55,0.32,llama-3-small,2024-02-19 02:35:51,0.012,personal_tone
227,human,education,my personal opinion on education is that adoption increases with better education.,82,12,3.0,0.32,author_8,2025-03-14 07:31:22,0.285,personal_tone
368,ai,entertainment,this article discusses entertainment and highlights that the results are promising but preliminary.,99,13,3.52,-0.32,gpt-4o-mini,2024-12-27 00:15:32,0.087,personal_tone
26,ai,travel,this article discusses travel and highlights that it improves efficiency significantly.,87,11,2.61,-0.1,gpt-5-base,2023-05-14 23:11:47,0.147,personal_tone
197,human,health,"after trying several approaches related to health, i noticed there are trade-offs to consider. further investigation is warranted.",130,18,2.38,-0.07,author_52,2025-03-25 14:27:02,0.028,personal_tone
65,ai,entertainment,a concise overview of entertainment: there are trade-offs to consider.,70,10,4.86,0.15,gpt-4o-mini,2024-05-20 15:56:17,0.012,personal_tone
16,ai,sports,this article discusses sports and highlights that the results are promising but preliminary. implementation details matter a lot here.,134,19,3.53,0.7,gpt-4o-mini,2023-02-25 23:47:29,0.148,personal_tone
298,human,technology,my personal opinion on technology is that the community response has been overwhelmingly positive.,98,14,2.86,-0.55,author_44,2024-12-26 20:49:38,0.286,personal_tone
372,human,finance,i recently experienced finance in my day-to-day life and found that it can be optimized with simple heuristics.,111,18,3.15,0.3,author_48,2023-04-01 02:19:59,0.092,personal_tone
110,ai,technology,this article discusses technology and highlights that the community response has been overwhelmingly positive.,110,14,3.93,0.46,gpt-4o-mini,2024-03-03 10:32:27,0.017,personal_tone
337,ai,technology,a concise overview of technology: costs can vary greatly depending on implementation.,85,12,2.88,-0.12,llama-3-small,2023-02-22 22:46:08,0.092,personal_tone
309,human,science,"in my experience, science often leads to it requires more data for conclusive evidence.",87,14,3.9,-0.59,author_35,2024-03-06 03:40:35,0.232,personal_tone
27,ai,science,research-style summary on science suggests it can be optimized with simple heuristics. i would love to hear others' thoughts on this.,133,21,4.23,-0.38,gpt-5-base,2023-02-06 13:26:33,0.087,personal_tone
77,ai,lifestyle,this article discusses lifestyle and highlights that it can be optimized with simple heuristics.,96,14,4.65,-0.03,bloomz-7b,2023-11-21 22:49:15,0.108,personal_tone
44,human,lifestyle,"in my experience, lifestyle often leads to it can be optimized with simple heuristics. this could change as new data becomes available.",135,22,2.86,0.74,author_95,2025-05-05 15:15:21,0.188,personal_tone
281,human,health,"after trying several approaches related to health, i noticed costs can vary greatly depending on implementation.",112,16,2.3,-0.51,author_69,2024-02-01 19:01:35,0.147,personal_tone
4,human,sports,"after trying several approaches related to sports, i noticed there are trade-offs to consider.",94,14,4.6,-0.06,author_30,2023-07-16 02:31:56,0.016,personal_tone
460,human,education,"in my experience, education often leads to adoption increases with better education.",84,12,3.46,0.36,author_37,2023-01-12 23:19:27,0.07,personal_tone
50,ai,sports,this article discusses sports and highlights that the results are promising but preliminary.,92,13,3.11,0.45,claude-2,2023-11-05 21:51:37,0.121,personal_tone
388,human,finance,"in my experience, finance often leads to users report a mixed set of outcomes.",78,14,3.25,0.89,author_93,2025-05-19 22:57:40,0.181,personal_tone
487,ai,health,research-style summary on health suggests users report a mixed set of outcomes.,79,12,4.45,0.1,gpt-4o-mini,2023-03-22 19:03:17,0.133,personal_tone
31,ai,travel,the following summary on travel shows the results are promising but preliminary. further investigation is warranted.,116,16,3.2,-0.5,claude-2,2025-03-02 10:09:45,0.053,personal_tone
122,human,education,"as someone who follows education, i believe users report a mixed set of outcomes. i would love to hear others' thoughts on this.",128,23,3.39,0.51,author_99,2024-06-23 01:22:27,0.232,personal_tone
432,human,travel,my personal opinion on travel is that it improves efficiency significantly. the community response has been overwhelmingly positive it improves efficiency significantly,168,22,2.66,0.51,author_97,2023-08-05 07:25:12,0.191,personal_tone
116,ai,entertainment,research-style summary on entertainment suggests adoption increases with better education.,90,10,2.6,0.76,claude-2,2024-08-08 23:43:57,0.028,personal_tone
466,ai,education,a concise overview of education: costs can vary greatly depending on implementation.,84,12,3.81,-0.34,gpt-4o-mini,2024-01-19 01:21:41,0.117,personal_tone
265,ai,lifestyle,the following summary on lifestyle shows the results are promising but preliminary. further investigation is warranted.,119,16,4.54,0.78,bloomz-7b,2023-02-27 07:59:18,0.086,personal_tone
210,ai,food,a concise overview of food: users report a mixed set of outcomes.,65,12,4.24,0.14,llama-3-small,2024-08-12 08:49:35,0.049,personal_tone
317,human,finance,"in my experience, finance often leads to the community response has been overwhelmingly positive. implementation details matter a lot here.",139,20,1.72,0.38,author_74,2023-01-13 19:06:28,0.269,personal_tone
385,ai,food,this article discusses food and highlights that it improves efficiency significantly.,85,11,2.75,-0.06,llama-3-small,2025-06-01 09:27:19,0.028,personal_tone
2,human,science,i recently experienced science in my day-to-day life and found that adoption increases with better education.,109,16,3.95,0.03,author_1,2024-04-04 21:27:16,0.097,personal_tone
314,human,technology,"as someone who follows technology, i believe it improves efficiency significantly.",82,11,2.75,0.06,author_12,2024-09-28 09:46:07,0.307,personal_tone
23,ai,entertainment,this article discusses entertainment and highlights that costs can vary greatly depending on implementation. community feedback will shape future developments.,159,20,4.99,-0.49,llama-3-small,2023-08-07 18:25:07,0.04,personal_tone
318,human,food,"after trying several approaches related to food, i noticed privacy concerns remain a top challenge.",99,15,3.01,0.49,author_83,2024-05-08 12:35:18,0.232,personal_tone
320,human,food,i recently experienced food in my day-to-day life and found that it requires more data for conclusive evidence.,111,18,2.83,0.63,author_74,2023-03-22 16:42:54,0.155,personal_tone
8,ai,lifestyle,research-style summary on lifestyle suggests it can be optimized with simple heuristics.,88,12,4.99,0.16,gpt-5-base,2023-04-04 01:42:55,0.129,personal_tone
142,ai,education,the following summary on education shows there are trade-offs to consider.,74,11,4.75,0.07,gpt-4o-mini,2023-03-31 11:38:09,0.1,personal_tone
87,human,entertainment,"as someone who follows entertainment, i believe there are trade-offs to consider.",81,12,3.87,0.41,author_51,2024-02-11 20:17:28,0.128,personal_tone
353,human,travel,i recently experienced travel in my day-to-day life and found that there are trade-offs to consider.,100,16,3.71,0.62,author_28,2024-08-15 14:45:01,0.269,personal_tone
216,human,health,my personal opinion on health is that users report a mixed set of outcomes.,75,14,2.22,0.12,author_90,2024-05-02 03:33:15,0.153,personal_tone
69,human,entertainment,my personal opinion on entertainment is that there are trade-offs to consider. privacy concerns remain a top challenge it improves efficiency significantly,155,22,3.8,0.21,author_47,2024-02-28 01:58:24,0.066,personal_tone
399,ai,travel,research-style summary on travel suggests the community response has been overwhelmingly positive. implementation details matter a lot here.,140,18,3.69,-0.59,gpt-4o-mini,2024-03-16 10:39:53,0.09,personal_tone
414,ai,education,a concise overview of education: privacy concerns remain a top challenge.,73,11,3.21,0.01,gpt-4o-mini,2023-11-26 04:01:18,0.014,personal_tone
157,ai,science,this article discusses science and highlights that it improves efficiency significantly. this could change as new data becomes available.,137,19,3.8,-0.38,claude-2,2025-07-03 18:46:08,0.021,personal_tone
253,ai,health,research-style summary on health suggests the results are promising but preliminary.,84,11,4.9,0.86,gpt-5-base,2023-05-26 10:11:17,0.014,personal_tone
403,human,finance,my personal opinion on finance is that there are trade-offs to consider.,72,12,4.04,-0.25,author_44,2023-06-04 00:32:10,0.173,personal_tone
358,human,technology,i recently experienced technology in my day-to-day life and found that costs can vary greatly depending on implementation.,122,18,4.4,0.65,author_23,2023-09-27 21:04:02,0.191,personal_tone
255,human,travel,my personal opinion on travel is that it requires more data for conclusive evidence.,84,14,4.41,-0.11,author_26,2024-04-08 09:54:05,0.082,personal_tone
277,ai,education,a concise overview of education: the results are promising but preliminary.,75,11,4.32,-0.2,gpt-4o-mini,2023-10-16 10:49:40,0.036,personal_tone
282,ai,lifestyle,a concise overview of lifestyle: the results are promising but preliminary.,75,11,4.63,-0.55,claude-2,2024-08-07 18:49:00,0.12,personal_tone
391,human,lifestyle,"after trying several approaches related to lifestyle, i noticed adoption increases with better education. this could change as new data becomes available.",154,22,3.86,0.13,author_49,2025-01-24 16:16:20,0.311,personal_tone
238,ai,education,this article discusses education and highlights that there are trade-offs to consider. i would love to hear others' thoughts on this.,133,21,3.46,0.84,gpt-4o-mini,2023-11-19 05:05:27,0.037,personal_tone
72,ai,entertainment,the following summary on entertainment shows the community response has been overwhelmingly positive. adoption increases with better education,142,18,3.77,0.72,bloomz-7b,2025-06-03 02:32:30,0.041,personal_tone
461,ai,health,analysis indicates that health is associated with it requires more data for conclusive evidence.,96,14,2.52,0.43,claude-2,2023-12-16 14:25:10,0.109,personal_tone
130,human,travel,i recently experienced travel in my day-to-day life and found that there are trade-offs to consider. community feedback will shape future developments.,151,22,1.89,0.76,author_66,2024-09-03 19:31:01,0.006,personal_tone
145,ai,sports,this article discusses sports and highlights that adoption increases with better education. this could change as new data becomes available.,140,20,3.62,0.42,claude-2,2023-12-19 04:40:21,0.132,personal_tone
449,human,sports,my personal opinion on sports is that it can be optimized with simple heuristics.,81,14,3.57,0.47,author_42,2023-07-26 16:33:16,0.032,personal_tone
336,human,travel,"as someone who follows travel, i believe the community response has been overwhelmingly positive. privacy concerns remain a top challenge",137,20,1.92,-0.54,author_21,2023-10-13 20:15:54,0.092,personal_tone
134,human,finance,"in my experience, finance often leads to there are trade-offs to consider. further investigation is warranted. it improves efficiency significantly",147,20,2.6,-0.13,author_5,2024-02-12 19:46:16,0.166,personal_tone
204,ai,health,analysis indicates that health is associated with adoption increases with better education.,91,12,2.71,-0.37,bloomz-7b,2024-12-29 23:04:46,0.023,personal_tone
394,ai,sports,the following summary on sports shows users report a mixed set of outcomes. it requires more data for conclusive evidence,121,20,4.85,0.45,gpt-4o-mini,2023-03-23 07:40:00,0.025,personal_tone
256,human,lifestyle,"as someone who follows lifestyle, i believe there are trade-offs to consider. implementation details matter a lot here.",119,18,2.92,0.2,author_60,2025-09-14 07:33:35,0.158,personal_tone
73,ai,science,this article discusses science and highlights that it requires more data for conclusive evidence.,97,14,3.97,0.9,bloomz-7b,2024-05-16 05:24:36,0.067,personal_tone
397,ai,science,the following summary on science shows the community response has been overwhelmingly positive.,95,13,2.94,0.3,bloomz-7b,2024-10-08 23:09:02,0.132,personal_tone
236,human,entertainment,"as someone who follows entertainment, i believe there are trade-offs to consider.",81,12,1.86,-0.13,author_100,2025-06-21 10:53:43,0.048,personal_tone
38,human,finance,i recently experienced finance in my day-to-day life and found that it improves efficiency significantly. implementation details matter a lot here.,147,21,4.19,0.08,author_92,2025-06-26 22:55:44,0.201,personal_tone
